{
    "foreground_intensity_properties_per_channel": {
        "0": {
            "max": 1843.0,
            "mean": 339.51025390625,
            "median": 325.0,
            "min": -370.0,
            "percentile_00_5": 87.0,
            "percentile_99_5": 708.0,
            "std": 121.21277618408203
        }
    },
    "median_relative_size_after_cropping": 1.0,
    "shapes_after_crop": [
        [
            224,
            512,
            512
        ],
        [
            202,
            512,
            512
        ],
        [
            224,
            512,
            512
        ],
        [
            224,
            512,
            512
        ],
        [
            199,
            512,
            512
        ],
        [
            224,
            512,
            512
        ],
        [
            224,
            512,
            512
        ],
        [
            216,
            512,
            512
        ],
        [
            211,
            512,
            512
        ],
        [
            224,
            512,
            512
        ],
        [
            224,
            512,
            512
        ],
        [
            224,
            512,
            512
        ],
        [
            224,
            512,
            512
        ],
        [
            207,
            512,
            512
        ],
        [
            183,
            512,
            512
        ],
        [
            201,
            512,
            512
        ],
        [
            224,
            512,
            512
        ],
        [
            168,
            512,
            512
        ],
        [
            224,
            512,
            512
        ],
        [
            224,
            512,
            512
        ],
        [
            207,
            512,
            512
        ],
        [
            224,
            512,
            512
        ],
        [
            217,
            512,
            512
        ],
        [
            204,
            512,
            512
        ],
        [
            224,
            512,
            512
        ],
        [
            224,
            512,
            512
        ],
        [
            224,
            512,
            512
        ],
        [
            224,
            512,
            512
        ],
        [
            212,
            512,
            512
        ],
        [
            224,
            512,
            512
        ],
        [
            224,
            512,
            512
        ],
        [
            224,
            512,
            512
        ],
        [
            224,
            512,
            512
        ],
        [
            209,
            512,
            512
        ],
        [
            224,
            512,
            512
        ],
        [
            168,
            512,
            512
        ],
        [
            206,
            512,
            512
        ],
        [
            224,
            512,
            512
        ],
        [
            224,
            512,
            512
        ],
        [
            212,
            512,
            512
        ]
    ],
    "spacings": [
        [
            0.625,
            0.3515619934,
            0.3515619934
        ],
        [
            0.6249999999999998,
            0.400391,
            0.400391
        ],
        [
            0.625,
            0.38476601240000013,
            0.38476601240000013
        ],
        [
            0.625,
            0.4375,
            0.4375
        ],
        [
            0.625,
            0.333984,
            0.333984
        ],
        [
            0.6250000000000001,
            0.44531199999999993,
            0.44531199999999993
        ],
        [
            0.6249999999999998,
            0.359375,
            0.359375
        ],
        [
            0.625,
            0.36523400000000006,
            0.36523400000000006
        ],
        [
            0.6250000000000002,
            0.380859,
            0.380859
        ],
        [
            0.625,
            0.4414060116,
            0.4414060116
        ],
        [
            0.625,
            0.3945310116,
            0.3945310116
        ],
        [
            0.6250000000000001,
            0.3789060000000001,
            0.3789060000000001
        ],
        [
            0.625,
            0.3867189884,
            0.3867189884
        ],
        [
            0.6249999999999996,
            0.349609,
            0.349609
        ],
        [
            0.625,
            0.404297,
            0.404297
        ],
        [
            0.6249999999999999,
            0.35156199999999993,
            0.35156199999999993
        ],
        [
            0.625,
            0.4414060116,
            0.4414060116
        ],
        [
            0.6250000000000001,
            0.43164100000000005,
            0.43164100000000005
        ],
        [
            0.625,
            0.4199219942000001,
            0.4199219942000001
        ],
        [
            0.6249999999999998,
            0.4707030058,
            0.4707030058
        ],
        [
            0.625,
            0.3847659999999999,
            0.3847659999999999
        ],
        [
            0.625,
            0.404297,
            0.404297
        ],
        [
            0.625,
            0.3945310000000001,
            0.3945310000000001
        ],
        [
            0.6250000000000001,
            0.41601600000000005,
            0.41601600000000005
        ],
        [
            0.625,
            0.3945310116,
            0.3945310116
        ],
        [
            0.625,
            0.3867189884,
            0.3867189884
        ],
        [
            0.625,
            0.4648439884,
            0.4648439884
        ],
        [
            0.625,
            0.3945310116,
            0.3945310116
        ],
        [
            0.625,
            0.382812,
            0.382812
        ],
        [
            0.625,
            0.46875,
            0.46875
        ],
        [
            0.625,
            0.4284380078,
            0.4284380078
        ],
        [
            0.6249999999999999,
            0.45898399999999995,
            0.45898399999999995
        ],
        [
            0.6250000000000001,
            0.49414100000000005,
            0.49414100000000005
        ],
        [
            0.6250000000000001,
            0.43554700000000013,
            0.43554700000000013
        ],
        [
            0.6249999999999999,
            0.4882810115999999,
            0.4882810115999999
        ],
        [
            0.6249999999999998,
            0.349609,
            0.349609
        ],
        [
            0.625,
            0.369141,
            0.369141
        ],
        [
            0.625,
            0.398438,
            0.398438
        ],
        [
            0.625,
            0.457031,
            0.457031
        ],
        [
            0.625,
            0.306641,
            0.306641
        ]
    ]
}